{"proxies":{"ti.qrgenerator.TiQrgeneratorModule":{"superPackageName":"org.appcelerator.kroll","methods":{"generate":{"runOnUiThread":false,"hasInvocation":false,"args":[{"converter":"org.appcelerator.kroll.KrollConverter","defaultValueProvider":"org.appcelerator.kroll.KrollConverter","name":"options","sourceName":"options","type":"org.appcelerator.kroll.KrollDict"}],"apiName":"generate","converter":"org.appcelerator.kroll.KrollConverter","defaultValueProvider":"org.appcelerator.kroll.KrollConverter","name":"__default_name__","returnType":"org.appcelerator.titanium.TiBlob"}},"superProxyBindingClassName":"org.appcelerator.kroll.KrollModuleBindingGen","proxyClassName":"TiQrgeneratorModule","proxyAttrs":{"propertyAccessors":[],"fullAPIName":"TiQrgenerator","name":"TiQrgenerator","proxyClassName":"ti.qrgenerator.TiQrgeneratorModule","isTopLevel":false,"id":"ti.qrgenerator"},"packageName":"ti.qrgenerator","sourceName":"ti.qrgenerator.TiQrgeneratorModuleBindingGen","isTitaniumSdk":false,"superProxyClassName":"KrollModule","isModule":true,"genClassName":"TiQrgeneratorModuleBindingGen","onAppCreate":"onAppCreate"}},"modules":{"ti.qrgenerator.TiQrgeneratorModule":{"apiName":"TiQrgenerator"}}}